PRAGMA foreign_keys=OFF;
BEGIN TRANSACTION;
CREATE TABLE soundscape (id INTEGER PRIMARY KEY,name TEXT,tempo REAL,meter_nominator INTEGER,meter_denominator INTEGER);
INSERT INTO "soundscape" VALUES(116,'boxin',2.33333,4,4);
CREATE TABLE location (id INTEGER PRIMARY KEY,soundscape_id INTEGER,latitude REAL,longitude REAL,radius REAL,volume REAL,distance_scale_parameter REAL);
INSERT INTO "location" VALUES(1023,116,4.14346672667242899024e+01,2.1909999847412109375e+00,213.0,1.0,0.1);
INSERT INTO "location" VALUES(1029,116,4.14340398687992319528e+01,2.1897983551025390625e+00,100.0,1.0,0.1);
INSERT INTO "location" VALUES(1030,116,4.14340076943832116276e+01,2.1922016143798828125e+00,100.0,1.0,0.1);
INSERT INTO "location" VALUES(1031,116,4.14356566126696037591e+01,2.19033479690551757812e+00,49.0,1.0,0.1);
INSERT INTO "location" VALUES(1033,116,4.1435069441691879887e+01,2.19182610511779785156e+00,50.0,1.0,0.1);
INSERT INTO "location" VALUES(1048,116,4.14325437415830108997e+01,2.19312429428100585937e+00,100.0,1.0,0.1);
INSERT INTO "location" VALUES(1050,116,4.14330907168222140057e+01,2.1910858154296875e+00,100.0,1.0,0.1);
INSERT INTO "location" VALUES(1051,116,4.14340881303933770149e+01,2.19102144241333,51.0,1.0,0.1);
PRAGMA writable_schema=ON;
INSERT INTO sqlite_master(type,name,tbl_name,rootpage,sql)VALUES('table','location_index','location_index',0,'CREATE VIRTUAL TABLE location_index USING rtree (id, min_latitude, max_latitude, min_longitude, max_longitude)');
CREATE TABLE "location_index_node"(nodeno INTEGER PRIMARY KEY, data BLOB);
INSERT INTO "location_index_node" VALUES(1,X'0000000800000000000003FF4225BB234225BF10400C0F7B400C633500000000000004054225BB894225BD61400C1200400C395000000000000004064225BB7F4225BD5A400C3960400C60B000000000000004074225BDA94225BE92400C24D0400C381400000000000004094225BD0C4225BDF9400C3D0D400C50B500000000000004184225BA004225BBDA400C487E400C6FCE000000000000041A4225BA904225BC68400C2718400C4E68000000000000041B4225BC094225BCFA400C2FAC400C43B80000000000000000000000000000000000000000000000000000000000000000000000000000000000000000000000000000000000000000000000000000000000000000000000000000000000000000000000000000000000000000000000000000000000000000000000000000000000000000000000000000000000000000000000000000000000000000000000000000000000000000000000000000000000000000000000000000000000000000000000000000000000000000000000000000000000000000000000000000000000000000000000000000000000000000000000000000000000000000000000000000000000000000000000000000000000000000000000000000000000000000000000000000000000000000000000000000000000000000000000000000000000000000000000000000000000000000000000000000000000000000000000000000000000000000000000000000000000000000000000000000000000000000000000000000000000000000000000000000000000000000000000000000000000000000000000000000000000000000000000000000000000000000000000000000000000000000000000000000000000000000000000000000000000000000000000000000000000000000000000000000000000000000000000000000000000000000000000000000000000000000000000000000000000000000000000000000000000000000000000000000000000000000000000000000000000000000000000000000000000000000000000000000000000000000000000000000000000000000000000000000000000000000000000000000000000000000000000000000000000000000000000000000000000000000000000000000000000000000000000000000000000000000000000000000000000000000000000000000000000000000000000000000000000000000000000000000000000000000000000000000000000000000000000000000000000000000000000000000000000000000000000000000000000000000');
CREATE TABLE "location_index_rowid"(rowid INTEGER PRIMARY KEY, nodeno INTEGER);
INSERT INTO "location_index_rowid" VALUES(1023,1);
INSERT INTO "location_index_rowid" VALUES(1029,1);
INSERT INTO "location_index_rowid" VALUES(1030,1);
INSERT INTO "location_index_rowid" VALUES(1031,1);
INSERT INTO "location_index_rowid" VALUES(1033,1);
INSERT INTO "location_index_rowid" VALUES(1048,1);
INSERT INTO "location_index_rowid" VALUES(1050,1);
INSERT INTO "location_index_rowid" VALUES(1051,1);
CREATE TABLE "location_index_parent"(nodeno INTEGER PRIMARY KEY, parentnode INTEGER);
CREATE TABLE sound (id INTEGER PRIMARY KEY,data TEXT);
INSERT INTO "sound" VALUES(812,'http://api.dev.locosonic.com/system/uploads/location_sound/file/812/Bpm140_RaveStep_Beat28_PL.wav');
INSERT INTO "sound" VALUES(817,'http://api.dev.locosonic.com/system/uploads/location_sound/file/817/Bpm140_Coalmine_Bass_Gm_01_PL.wav');
INSERT INTO "sound" VALUES(820,'http://api.dev.locosonic.com/system/uploads/location_sound/file/820/Bpm140_Razorhead_Bass_Gm_PL.wav');
INSERT INTO "sound" VALUES(858,'http://api.dev.locosonic.com/system/uploads/location_sound/file/858/Trap_loop_140_BPM');
INSERT INTO "sound" VALUES(861,'http://api.dev.locosonic.com/system/uploads/location_sound/file/861/140_bpm_messy_noise');
INSERT INTO "sound" VALUES(863,'http://api.dev.locosonic.com/system/uploads/location_sound/file/863/Bass_In_Your_Face_verse_dry_140BPM.wav');
CREATE TABLE sound_file_info (sound_id INTEGER,channels INTEGER,sample_rate REAL,frames INTEGER);
CREATE TABLE location_sound (id INTEGER PRIMARY KEY,location_id INTEGER,sound_id INTEGER,volume REAL,onset_quantization REAL,onset_quantization_phase REAL,offset_quantization REAL,offset_quantization_phase REAL,duration REAL,repetitions REAL);
INSERT INTO "location_sound" VALUES(890,1023,812,1.0,0.0,0.0,0.0,0.0,0.0,0.0);
INSERT INTO "location_sound" VALUES(891,1029,817,1.0,0.0,0.0,0.0,0.0,0.0,0.0);
INSERT INTO "location_sound" VALUES(892,1030,820,1.0,0.0,0.0,0.0,0.0,0.0,0.0);
INSERT INTO "location_sound" VALUES(903,1048,858,1.0,0.0,0.0,0.0,0.0,0.0,0.0);
INSERT INTO "location_sound" VALUES(906,1050,861,1.0,0.0,0.0,0.0,0.0,0.0,0.0);
INSERT INTO "location_sound" VALUES(908,1051,863,1.0,0.0,0.0,0.0,0.0,0.0,0.0);
PRAGMA writable_schema=OFF;
COMMIT;
