PRAGMA foreign_keys=OFF;
BEGIN TRANSACTION;
CREATE TABLE soundscape (id INTEGER PRIMARY KEY,name TEXT,tempo REAL,meter_nominator INTEGER,meter_denominator INTEGER);
INSERT INTO "soundscape" VALUES(133,'nit ohh nit',2.0,4,4);
CREATE TABLE location (id INTEGER PRIMARY KEY,soundscape_id INTEGER,latitude REAL,longitude REAL,radius REAL,volume REAL,distance_scale_parameter REAL);
INSERT INTO "location" VALUES(1405,133,41.3556456108139,2.12675027179273,23.0,0.836566,0.0165959);
INSERT INTO "location" VALUES(1406,133,4.13556818409042676893e+01,2.12663492989225888507e+00,73.0,0.333043,0.0331131);
INSERT INTO "location" VALUES(1407,133,4.13556758067992618049e+01,2.12665102729406640946e+00,55.0,0.414715,0.0234423);
INSERT INTO "location" VALUES(1408,133,4.13554967947650453652e+01,2.12712321912926416445e+00,12.0,1.0,0.1);
INSERT INTO "location" VALUES(1409,133,4.13553600211926095661e+01,2.12674780388130102437e+00,12.0,1.0,0.1);
INSERT INTO "location" VALUES(1410,133,4.13554103056277639911e+01,2.12635884901017924164e+00,12.0,1.0,0.1);
INSERT INTO "location" VALUES(1411,133,4.13556717840625225317e+01,2.12666444110428543012e+00,41.0,0.584454,0.1);
PRAGMA writable_schema=ON;
INSERT INTO sqlite_master(type,name,tbl_name,rootpage,sql)VALUES('table','location_index','location_index',0,'CREATE VIRTUAL TABLE location_index USING rtree (id, min_latitude, max_latitude, min_longitude, max_longitude)');
CREATE TABLE "location_index_node"(nodeno INTEGER PRIMARY KEY, data BLOB);
INSERT INTO "location_index_node" VALUES(1,X'00000007000000000000057D42256BF842256C654008182940082131000000000000057E42256B8A42256CE440080C754008291E000000000000057F42256BB342256CB840081041400825D9000000000000058042256BEB42256C244008206E40082526000000000000058142256BC742256C0040081A4740081EFE000000000000058242256BD442256C0D400813E8400818A0000000000000058342256BD342256C9640081338400823520000000000000000000000000000000000000000000000000000000000000000000000000000000000000000000000000000000000000000000000000000000000000000000000000000000000000000000000000000000000000000000000000000000000000000000000000000000000000000000000000000000000000000000000000000000000000000000000000000000000000000000000000000000000000000000000000000000000000000000000000000000000000000000000000000000000000000000000000000000000000000000000000000000000000000000000000000000000000000000000000000000000000000000000000000000000000000000000000000000000000000000000000000000000000000000000000000000000000000000000000000000000000000000000000000000000000000000000000000000000000000000000000000000000000000000000000000000000000000000000000000000000000000000000000000000000000000000000000000000000000000000000000000000000000000000000000000000000000000000000000000000000000000000000000000000000000000000000000000000000000000000000000000000000000000000000000000000000000000000000000000000000000000000000000000000000000000000000000000000000000000000000000000000000000000000000000000000000000000000000000000000000000000000000000000000000000000000000000000000000000000000000000000000000000000000000000000000000000000000000000000000000000000000000000000000000000000000000000000000000000000000000000000000000000000000000000000000000000000000000000000000000000000000000000000000000000000000000000000000000000000000000000000000000000000000000000000000000000000000000000000000000000000000000000000000000000000000000000000000000000000000000000000000000000000000000000000000000000000000000000000000000000000');
CREATE TABLE "location_index_rowid"(rowid INTEGER PRIMARY KEY, nodeno INTEGER);
INSERT INTO "location_index_rowid" VALUES(1405,1);
INSERT INTO "location_index_rowid" VALUES(1406,1);
INSERT INTO "location_index_rowid" VALUES(1407,1);
INSERT INTO "location_index_rowid" VALUES(1408,1);
INSERT INTO "location_index_rowid" VALUES(1409,1);
INSERT INTO "location_index_rowid" VALUES(1410,1);
INSERT INTO "location_index_rowid" VALUES(1411,1);
CREATE TABLE "location_index_parent"(nodeno INTEGER PRIMARY KEY, parentnode INTEGER);
CREATE TABLE sound (id INTEGER PRIMARY KEY,data TEXT);
INSERT INTO "sound" VALUES(1119,'http://api.dev.locosonic.com/system/uploads/location_sound/file/1119/filtered2.wav');
INSERT INTO "sound" VALUES(1120,'http://api.dev.locosonic.com/system/uploads/location_sound/file/1120/filtered.wav');
INSERT INTO "sound" VALUES(1121,'http://api.dev.locosonic.com/system/uploads/location_sound/file/1121/bass.wav');
INSERT INTO "sound" VALUES(1122,'http://api.dev.locosonic.com/system/uploads/location_sound/file/1122/newdrums.wav');
INSERT INTO "sound" VALUES(1123,'http://api.dev.locosonic.com/system/uploads/location_sound/file/1123/ewspr_03.wav');
INSERT INTO "sound" VALUES(1124,'http://api.dev.locosonic.com/system/uploads/location_sound/file/1124/ewspr_02.wav');
INSERT INTO "sound" VALUES(1125,'http://api.dev.locosonic.com/system/uploads/location_sound/file/1125/ewspr_12.wav');
INSERT INTO "sound" VALUES(1126,'http://api.dev.locosonic.com/system/uploads/location_sound/file/1126/gitarre.wav');
CREATE TABLE sound_file_info (sound_id INTEGER,channels INTEGER,sample_rate REAL,frames INTEGER);
CREATE TABLE location_sound (id INTEGER PRIMARY KEY,location_id INTEGER,sound_id INTEGER,volume REAL,onset_quantization REAL,onset_quantization_phase REAL,offset_quantization REAL,offset_quantization_phase REAL,duration REAL,repetitions REAL);
INSERT INTO "location_sound" VALUES(1267,1405,1119,0.61624,-1.0,0.0,-2.0,0.0,0.0,0.0);
INSERT INTO "location_sound" VALUES(1268,1405,1120,0.679204,-1.0,0.0,-4.0,0.0,0.0,0.0);
INSERT INTO "location_sound" VALUES(1269,1406,1121,0.857531,-1.0,0.0,-1.0,0.0,0.0,0.0);
INSERT INTO "location_sound" VALUES(1270,1407,1122,0.739605,-1.0,0.0,-1.0,0.0,0.0,0.0);
INSERT INTO "location_sound" VALUES(1271,1408,1123,0.251189,-1.0,0.0,0.0,0.0,0.0,1.0);
INSERT INTO "location_sound" VALUES(1272,1409,1124,0.125748,-1.0,0.0,0.0,0.0,0.0,1.0);
INSERT INTO "location_sound" VALUES(1273,1410,1125,0.232675,-1.0,0.0,0.0,0.0,0.0,1.0);
INSERT INTO "location_sound" VALUES(1274,1411,1126,0.398107,-1.0,0.0,0.0,0.0,0.0,0.0);
PRAGMA writable_schema=OFF;
COMMIT;
