PRAGMA foreign_keys=OFF;
BEGIN TRANSACTION;
CREATE TABLE soundscape (id INTEGER PRIMARY KEY,name TEXT,tempo REAL,meter_nominator INTEGER,meter_denominator INTEGER);
INSERT INTO "soundscape" VALUES(152,'Brusel.les',1.58333,4,4);
CREATE TABLE location (id INTEGER PRIMARY KEY,soundscape_id INTEGER,latitude REAL,longitude REAL,radius REAL,volume REAL,distance_scale_parameter REAL);
INSERT INTO "location" VALUES(1714,152,4.1418023081667143968e+01,2.16974616050720214843e+00,24.0,1.0,0.1);
INSERT INTO "location" VALUES(1715,152,4.14182322665776823109e+01,2.1698856353759765625e+00,20.0,1.0,0.0162181);
INSERT INTO "location" VALUES(1716,152,4.1418521906110967734e+01,2.17003583908081054687e+00,30.0,1.0,0.0295121);
PRAGMA writable_schema=ON;
INSERT INTO sqlite_master(type,name,tbl_name,rootpage,sql)VALUES('table','location_index','location_index',0,'CREATE VIRTUAL TABLE location_index USING rtree (id, min_latitude, max_latitude, min_longitude, max_longitude)');
CREATE TABLE "location_index_node"(nodeno INTEGER PRIMARY KEY, data BLOB);
INSERT INTO "location_index_node" VALUES(1,X'0000000300000000000006B24225ABD44225AC47400AD867400AE1D700000000000006B34225AC154225AC76400ADB79400AE35700000000000006B44225AC4A4225ACD8400ADBF8400AE7C40000000000000000000000000000000000000000000000000000000000000000000000000000000000000000000000000000000000000000000000000000000000000000000000000000000000000000000000000000000000000000000000000000000000000000000000000000000000000000000000000000000000000000000000000000000000000000000000000000000000000000000000000000000000000000000000000000000000000000000000000000000000000000000000000000000000000000000000000000000000000000000000000000000000000000000000000000000000000000000000000000000000000000000000000000000000000000000000000000000000000000000000000000000000000000000000000000000000000000000000000000000000000000000000000000000000000000000000000000000000000000000000000000000000000000000000000000000000000000000000000000000000000000000000000000000000000000000000000000000000000000000000000000000000000000000000000000000000000000000000000000000000000000000000000000000000000000000000000000000000000000000000000000000000000000000000000000000000000000000000000000000000000000000000000000000000000000000000000000000000000000000000000000000000000000000000000000000000000000000000000000000000000000000000000000000000000000000000000000000000000000000000000000000000000000000000000000000000000000000000000000000000000000000000000000000000000000000000000000000000000000000000000000000000000000000000000000000000000000000000000000000000000000000000000000000000000000000000000000000000000000000000000000000000000000000000000000000000000000000000000000000000000000000000000000000000000000000000000000000000000000000000000000000000000000000000000000000000000000000000000000000000000000000000000000000000000000000000000000000000000000000000000000000000000000000000000000000000000000000000000000000000000000000000000000000000000000000000000000000000000000000000000000000000000000');
CREATE TABLE "location_index_rowid"(rowid INTEGER PRIMARY KEY, nodeno INTEGER);
INSERT INTO "location_index_rowid" VALUES(1714,1);
INSERT INTO "location_index_rowid" VALUES(1715,1);
INSERT INTO "location_index_rowid" VALUES(1716,1);
CREATE TABLE "location_index_parent"(nodeno INTEGER PRIMARY KEY, parentnode INTEGER);
CREATE TABLE sound (id INTEGER PRIMARY KEY,data TEXT);
INSERT INTO "sound" VALUES(1567,'http://api.dev.locosonic.com/system/uploads/location_sound/file/1567/Scratch_95_bpm.wav');
INSERT INTO "sound" VALUES(1568,'http://api.dev.locosonic.com/system/uploads/location_sound/file/1568/EH_CRASH_DRUM95.wav');
INSERT INTO "sound" VALUES(1569,'http://api.dev.locosonic.com/system/uploads/location_sound/file/1569/95_hip_hop.wav');
INSERT INTO "sound" VALUES(1570,'http://api.dev.locosonic.com/system/uploads/location_sound/file/1570/Tight_Beat_95bpm');
INSERT INTO "sound" VALUES(1571,'http://api.dev.locosonic.com/system/uploads/location_sound/file/1571/Paper.wav');
INSERT INTO "sound" VALUES(1572,'http://api.dev.locosonic.com/system/uploads/location_sound/file/1572/Bass_Chaos_-_4_bar_-_95_BPM__swing_');
CREATE TABLE sound_file_info (sound_id INTEGER,channels INTEGER,sample_rate REAL,frames INTEGER);
CREATE TABLE location_sound (id INTEGER PRIMARY KEY,location_id INTEGER,sound_id INTEGER,volume REAL,onset_quantization REAL,onset_quantization_phase REAL,offset_quantization REAL,offset_quantization_phase REAL,duration REAL,repetitions REAL);
INSERT INTO "location_sound" VALUES(1880,1714,1567,1.0,-1.0,0.0,0.0,0.0,-1.0,0.0);
INSERT INTO "location_sound" VALUES(1881,1715,1568,1.0,-1.0,0.0,0.0,0.0,0.0,1.0);
INSERT INTO "location_sound" VALUES(1882,1715,1569,1.0,-1.0,0.0,-1.0,0.0,-2.0,0.0);
INSERT INTO "location_sound" VALUES(1883,1716,1570,0.398107,-1.0,0.0,0.0,0.0,-1.0,0.0);
INSERT INTO "location_sound" VALUES(1884,1716,1571,1.0,0.0,0.0,0.0,0.0,0.0,0.0);
INSERT INTO "location_sound" VALUES(1885,1716,1572,0.630957,-1.0,0.0,0.0,0.0,-4.0,0.0);
PRAGMA writable_schema=OFF;
COMMIT;
