PRAGMA foreign_keys=OFF;
BEGIN TRANSACTION;
CREATE TABLE soundscape (id INTEGER PRIMARY KEY,name TEXT,tempo REAL,meter_nominator INTEGER,meter_denominator INTEGER);
INSERT INTO "soundscape" VALUES(161,'Gerlfing',2.33333,4,4);
CREATE TABLE location (id INTEGER PRIMARY KEY,soundscape_id INTEGER,latitude REAL,longitude REAL,radius REAL,volume REAL,distance_scale_parameter REAL);
INSERT INTO "location" VALUES(1825,161,4.87489577656718395823e+01,1.13484899926621256587e+01,30.0,0.501187,0.0104713);
INSERT INTO "location" VALUES(1826,161,4.87492656741806627005e+01,1.1345606965729752247e+01,15.0,0.681161,0.0104713);
INSERT INTO "location" VALUES(1827,161,4.87485505294931513713e+01,1.1347486993271212796e+01,26.0,1.0,0.0104713);
INSERT INTO "location" VALUES(1828,161,4.87487551411752804151e+01,1.13457999930769641854e+01,34.0,0.541066,0.0218776);
INSERT INTO "location" VALUES(1829,161,4.87482207655578250174e+01,1.1346522394390843758e+01,17.0,1.0,0.131826);
INSERT INTO "location" VALUES(1830,161,4.87499867700701798849e+01,1.13467428417987630244e+01,29.0,2.51189,0.275423);
INSERT INTO "location" VALUES(1831,161,4.87484849741512462619e+01,11.3468741126262,8.0,0.584454,0.0165959);
INSERT INTO "location" VALUES(1832,161,4.87486637612835806967e+01,1.13478404282341784894e+01,47.0,0.998849,0.025704);
INSERT INTO "location" VALUES(1833,161,4.87495219323565791551e+01,1.13460215964074180301e+01,15.0,0.584454,0.0416869);
INSERT INTO "location" VALUES(1834,161,4.87484929202572843127e+01,1.1346215751731250521e+01,30.0,0.630957,0.0123027);
INSERT INTO "location" VALUES(1835,161,4.87489498196255865991e+01,1.13455649222863641512e+01,15.0,0.251189,0.0269153);
INSERT INTO "location" VALUES(1836,161,4.87494722700021583267e+01,1.13472516358414772237e+01,16.0,3.98107,0.1);
INSERT INTO "location" VALUES(1837,161,4.87493332151981491068e+01,1.13474620751638770603e+01,28.0,1.0,0.1);
INSERT INTO "location" VALUES(1838,161,4.87496609867383554623e+01,1.13470932531851200766e+01,31.0,1.0,0.1);
INSERT INTO "location" VALUES(1839,161,4.8749164362517547035e+01,1.13477930938410427326e+01,25.0,1.0,0.281838);
INSERT INTO "location" VALUES(1840,161,4.87492994446986642725e+01,1.13481076360299155676e+01,25.0,0.681161,0.0104713);
INSERT INTO "location" VALUES(1841,161,48.7494047291361,1.13458390908265212e+01,17.0,0.681161,0.0104713);
INSERT INTO "location" VALUES(1842,161,4.87496490678033893555e+01,1.13462032481160566275e+01,20.0,0.681161,0.0104713);
INSERT INTO "location" VALUES(1843,161,4.87498973784722196018e+01,1.1346605688068125417e+01,20.0,0.681161,0.0104713);
INSERT INTO "location" VALUES(1844,161,4.87494106886273357312e+01,1.13482568580807861022e+01,25.0,1.0,0.1);
INSERT INTO "location" VALUES(1845,161,48.7493729451738,1.13481721267888051589e+01,24.0,1.0,0.0331131);
INSERT INTO "location" VALUES(1846,161,4.87496848246010401357e+01,1.13486023602157661829e+01,34.0,0.681161,0.0114815);
INSERT INTO "location" VALUES(1847,161,48.7507316950486,1.13479340715771410681e+01,27.0,1.0,0.0114815);
INSERT INTO "location" VALUES(1848,161,4.87484412705516803035e+01,1.13468660687598106302e+01,24.0,0.630957,0.0104713);
INSERT INTO "location" VALUES(1849,161,4.87501069519045344708e+01,1.13487578451142159254e+01,24.0,0.584454,0.1);
INSERT INTO "location" VALUES(1850,161,4.87485167585683711868e+01,1.13473198449980898776e+01,25.0,1.0,0.1);
INSERT INTO "location" VALUES(1851,161,4.87503353960724155041e+01,1.13484968059009574405e+01,26.0,0.681161,0.0104713);
INSERT INTO "location" VALUES(1852,161,4.87483498901990444087e+01,1.13470209111883715282e+01,12.0,1.0,0.1);
INSERT INTO "location" VALUES(1853,161,4.87485644351629474621e+01,1.13469960262340805454e+01,8.0,1.0,0.1);
INSERT INTO "location" VALUES(1854,161,4.87489974958879486183e+01,1.13452464680906324186e+01,34.0,1.0,0.025704);
INSERT INTO "location" VALUES(1855,161,4.87505400018747465668e+01,1.13482340613506718087e+01,21.0,0.271175,0.0269153);
INSERT INTO "location" VALUES(1856,161,4.87487313029558890766e+01,1.13480245211563044447e+01,25.0,0.396735,0.042658);
INSERT INTO "location" VALUES(1857,161,4.87504476313775541012e+01,1.13475035905794534589e+01,26.0,1.0,0.0104713);
INSERT INTO "location" VALUES(1858,161,4.8748651842157983082e+01,1.13460089678875029048e+01,25.0,0.630957,0.102329);
INSERT INTO "location" VALUES(1859,161,4.87500851006792856878e+01,1.13469621072994861774e+01,14.0,1.0,0.1);
INSERT INTO "location" VALUES(1860,161,4.87501615799342502555e+01,1.13470459224238577893e+01,12.0,1.0,0.1);
INSERT INTO "location" VALUES(1861,161,4.87502072687948668789e+01,1.13471388220767011034e+01,12.0,1.0,0.1);
INSERT INTO "location" VALUES(1862,161,4.87502847411338606758e+01,1.1347245618873985862e+01,12.0,1.0,0.1);
INSERT INTO "location" VALUES(1863,161,4.87484770280449239985e+01,1.13462074622683850577e+01,16.0,0.501187,0.1);
INSERT INTO "location" VALUES(1864,161,4.87485127855171498359e+01,1.13462837810562611196e+01,10.0,1.0,0.1);
INSERT INTO "location" VALUES(1865,161,4.8748737262511660619e+01,1.13458047489946061152e+01,12.0,0.398107,0.1);
INSERT INTO "location" VALUES(1866,161,4.8748920021943391136e+01,1.13458410696763376532e+01,12.0,0.316228,0.1);
INSERT INTO "location" VALUES(1867,161,4.87487094512465830593e+01,1.13479668550019070489e+01,28.0,0.251189,0.1);
INSERT INTO "location" VALUES(1868,161,4.87497702435340372071e+01,1.13464213539208511603e+01,15.0,1.0,0.1);
INSERT INTO "location" VALUES(1869,161,4.87495815271298482684e+01,1.13463061511076865881e+01,8.0,1.0,0.1);
INSERT INTO "location" VALUES(1870,161,4.87499033379164146148e+01,1.13466228782754612329e+01,12.0,0.584454,0.194984);
INSERT INTO "location" VALUES(1871,161,4.87493947966497529486e+01,1.13458050760992286139e+01,12.0,0.541066,0.371535);
INSERT INTO "location" VALUES(1872,161,4.87488385748716837033e+01,1.13471537720501842723e+01,25.0,1.0,0.0263027);
INSERT INTO "location" VALUES(1873,161,4.87489816038046299686e+01,1.13485694821659119921e+01,20.0,0.501187,0.1);
INSERT INTO "location" VALUES(1874,161,48.7491325784322,1.13489781444005259918e+01,25.0,1.0,0.1);
INSERT INTO "location" VALUES(1875,161,4.87492080656082791287e+01,1.13492066154611350727e+01,25.0,0.735783,0.0501187);
INSERT INTO "location" VALUES(1876,161,4.87493312286986935077e+01,1.13495457859255957091e+01,25.0,0.540443,0.0416869);
INSERT INTO "location" VALUES(1877,161,4.87491444974660623765e+01,1.13498815604698357619e+01,25.0,1.0,0.1);
INSERT INTO "location" VALUES(1878,161,4.87488147366841886301e+01,1.13471171979154785704e+01,20.0,0.464248,0.1);
INSERT INTO "location" VALUES(1879,161,4.87498596353148485596e+01,1.13491441570591327096e+01,26.0,0.630957,0.1);
INSERT INTO "location" VALUES(1880,161,4.87495815271298482684e+01,1.13493611871756492346e+01,22.0,1.0,0.1);
PRAGMA writable_schema=ON;
INSERT INTO sqlite_master(type,name,tbl_name,rootpage,sql)VALUES('table','location_index','location_index',0,'CREATE VIRTUAL TABLE location_index USING rtree (id, min_latitude, max_latitude, min_longitude, max_longitude)');
CREATE TABLE "location_index_node"(nodeno INTEGER PRIMARY KEY, data BLOB);
INSERT INTO "location_index_node" VALUES(1,X'0001000200000000000000034242FE04424300164135843941358CD200000000000000024242FE2D4243010141358AA341359A830000000000000000000000000000000000000000000000000000000000000000000000000000000000000000000000000000000000000000000000000000000000000000000000000000000000000000000000000000000000000000000000000000000000000000000000000000000000000000000000000000000000000000000000000000000000000000000000000000000000000000000000000000000000000000000000000000000000000000000000000000000000000000000000000000000000000000000000000000000000000000000000000000000000000000000000000000000000000000000000000000000000000000000000000000000000000000000000000000000000000000000000000000000000000000000000000000000000000000000000000000000000000000000000000000000000000000000000000000000000000000000000000000000000000000000000000000000000000000000000000000000000000000000000000000000000000000000000000000000000000000000000000000000000000000000000000000000000000000000000000000000000000000000000000000000000000000000000000000000000000000000000000000000000000000000000000000000000000000000000000000000000000000000000000000000000000000000000000000000000000000000000000000000000000000000000000000000000000000000000000000000000000000000000000000000000000000000000000000000000000000000000000000000000000000000000000000000000000000000000000000000000000000000000000000000000000000000000000000000000000000000000000000000000000000000000000000000000000000000000000000000000000000000000000000000000000000000000000000000000000000000000000000000000000000000000000000000000000000000000000000000000000000000000000000000000000000000000000000000000000000000000000000000000000000000000000000000000000000000000000000000000000000000000000000000000000000000000000000000000000000000000000000000000000000000000000000000000000000000000000000000000000000000000000000000000000000000000000000000000000000000000000000000000000000000000000000000000000000000000000000000000000000');
INSERT INTO "location_index_node" VALUES(2,X'0000002500000000000007264242FFB84243004141358AA341358DE100000000000007384242FE2D4242FEA041358B6C41358E1B000000000000072E4242FF5E4242FFF241358BF641358F6E00000000000007274242FE5E4242FE8641358C5941358D4000000000000007434242FFF54243003941358C5E41358DF2000000000000073C4242FE334242FE6C41358CBA41358E1300000000000007444243000E4243004741358CD441358E2C000000000000073D4242FE734242FE9B41358CD941358DC000000000000007454243001A4243005341358D3441358E8E000000000000073A4242FE404242FEB841358D3841359005000000000000072C4242FF4E4242FF9D41358D7141358F3D000000000000072D4242FF0F4242FF9541358DA3413590C500000000000007464243002E4243006741358DA441358EFE00000000000007234242FE454242FEC341358DD9413590C4000000000000074142430038424300B341358DEC413590D400000000000007284242FE314242FF1141358E2041359363000000000000072F4242FEEA4242FF6041358F29413591F60000000000000737424300804243010141358FA1413592A700000000000007404242FE784242FEF04135901B413592E800000000000007304242FF0D4242FF85413590724135933F00000000000007354242FF234242FF96413590C44135937600000000000007344242FF294242FFA241359110413593DD000000000000073F4243005C424300C1413591304135938C00000000000007214242FEA84242FF36413591BD4135951900000000000007364242FF5D4242FFFE413591F8413595C8000000000000073B4243001942430097413591FC413594E700000000000007394242FFE3424300554135932A413595DC000000000000074B4242FE6A4242FEF041358FB5413592D800000000000007504242FE934242FF0C41358C8A41358F5700000000000007514242FEC44242FF264135929E413594DC00000000000007524242FEE04242FF5841359403413596D000000000000007534242FEF54242FF6D413594F4413597C100000000000007544242FF144242FF8C413596564135992300000000000007554242FEE34242FF5B413597B641359A8300000000000007564242FE9A4242FEFA41358CAB41358EE900000000000007574242FF9C4243001A413594A44135978D00000000000007584242FF5E4242FFC8413595C1413598380000000000000000000000000000000000000000000000000000000000000000000000000000000000000000000000000000000000000000000000000000000000000000');
INSERT INTO "location_index_node" VALUES(3,X'00000013000000000000073E4242FEA94242FF4B413584394135880900000000000007244242FE684242FF0A4135867F41358A4C000000000000072B4242FEC94242FF12413586974135884600000000000007224242FF1C4242FF63413586C34135887200000000000007314242FF3A4242FF8E4135879B4135898200000000000007424242FE624242FEDA413587DB41358AA8000000000000072A4242FE2E4242FEBC4135886C41358BC700000000000007294242FF5F4242FFA84135887741358A2600000000000007324242FF734242FFD5413588EE41358B2C00000000000007474242FE4B4242FE984135892C41358AF600000000000007484242FE614242FE92413589D041358AF000000000000007254242FE044242FE5641358A6741358C5000000000000007334242FFB44243001641358A9441358CD200000000000007494242FE974242FED3413587BE41358918000000000000074A4242FEC74242FF03413587E54135893E000000000000074C4242FFA04242FFE941358A1941358BC8000000000000074D4242FF7F4242FFA741358A0441358AEB000000000000074E4242FFCA4243000341358B1741358C71000000000000074F4242FF454242FF7E413587BF413589170000000000000000000000000000000000000000000000000000000000000000000000000000000000000000000000000000000000000000000000000000000000000000000000000000000000000000000000000000000000000000000000000000000000000000000000000000000000000000000000000000000000000000000000000000000000000000000000000000000000000000000000000000000000000000000000000000000000000000000000000000000000000000000000000000000000000000000000000000000000000000000000000000000000000000000000000000000000000000000000000000000000000000000000000000000000000000000000000000000000000000000000000000000000000000000000000000000000000000000000000000000000000000000000000000000000000000000000000000000000000000000000000000000000000000000000000000000000000000000000000000000000000000000000000000000000000000000000000000000000000000000000000000000000000000000000000000000000000000000000000000000000000000000000000000000000000000000000000000000000000000000000000000000000000000000000000000000000000000000000000000000000000000000000000000000000000000');
CREATE TABLE "location_index_rowid"(rowid INTEGER PRIMARY KEY, nodeno INTEGER);
INSERT INTO "location_index_rowid" VALUES(1825,2);
INSERT INTO "location_index_rowid" VALUES(1826,3);
INSERT INTO "location_index_rowid" VALUES(1827,2);
INSERT INTO "location_index_rowid" VALUES(1828,3);
INSERT INTO "location_index_rowid" VALUES(1829,3);
INSERT INTO "location_index_rowid" VALUES(1830,2);
INSERT INTO "location_index_rowid" VALUES(1831,2);
INSERT INTO "location_index_rowid" VALUES(1832,2);
INSERT INTO "location_index_rowid" VALUES(1833,3);
INSERT INTO "location_index_rowid" VALUES(1834,3);
INSERT INTO "location_index_rowid" VALUES(1835,3);
INSERT INTO "location_index_rowid" VALUES(1836,2);
INSERT INTO "location_index_rowid" VALUES(1837,2);
INSERT INTO "location_index_rowid" VALUES(1838,2);
INSERT INTO "location_index_rowid" VALUES(1839,2);
INSERT INTO "location_index_rowid" VALUES(1840,2);
INSERT INTO "location_index_rowid" VALUES(1841,3);
INSERT INTO "location_index_rowid" VALUES(1842,3);
INSERT INTO "location_index_rowid" VALUES(1843,3);
INSERT INTO "location_index_rowid" VALUES(1844,2);
INSERT INTO "location_index_rowid" VALUES(1845,2);
INSERT INTO "location_index_rowid" VALUES(1846,2);
INSERT INTO "location_index_rowid" VALUES(1847,2);
INSERT INTO "location_index_rowid" VALUES(1848,2);
INSERT INTO "location_index_rowid" VALUES(1849,2);
INSERT INTO "location_index_rowid" VALUES(1850,2);
INSERT INTO "location_index_rowid" VALUES(1851,2);
INSERT INTO "location_index_rowid" VALUES(1852,2);
INSERT INTO "location_index_rowid" VALUES(1853,2);
INSERT INTO "location_index_rowid" VALUES(1854,3);
INSERT INTO "location_index_rowid" VALUES(1855,2);
INSERT INTO "location_index_rowid" VALUES(1856,2);
INSERT INTO "location_index_rowid" VALUES(1857,2);
INSERT INTO "location_index_rowid" VALUES(1858,3);
INSERT INTO "location_index_rowid" VALUES(1859,2);
INSERT INTO "location_index_rowid" VALUES(1860,2);
INSERT INTO "location_index_rowid" VALUES(1861,2);
INSERT INTO "location_index_rowid" VALUES(1862,2);
INSERT INTO "location_index_rowid" VALUES(1863,3);
INSERT INTO "location_index_rowid" VALUES(1864,3);
INSERT INTO "location_index_rowid" VALUES(1865,3);
INSERT INTO "location_index_rowid" VALUES(1866,3);
INSERT INTO "location_index_rowid" VALUES(1867,2);
INSERT INTO "location_index_rowid" VALUES(1868,3);
INSERT INTO "location_index_rowid" VALUES(1869,3);
INSERT INTO "location_index_rowid" VALUES(1870,3);
INSERT INTO "location_index_rowid" VALUES(1871,3);
INSERT INTO "location_index_rowid" VALUES(1872,2);
INSERT INTO "location_index_rowid" VALUES(1873,2);
INSERT INTO "location_index_rowid" VALUES(1874,2);
INSERT INTO "location_index_rowid" VALUES(1875,2);
INSERT INTO "location_index_rowid" VALUES(1876,2);
INSERT INTO "location_index_rowid" VALUES(1877,2);
INSERT INTO "location_index_rowid" VALUES(1878,2);
INSERT INTO "location_index_rowid" VALUES(1879,2);
INSERT INTO "location_index_rowid" VALUES(1880,2);
CREATE TABLE "location_index_parent"(nodeno INTEGER PRIMARY KEY, parentnode INTEGER);
INSERT INTO "location_index_parent" VALUES(2,1);
INSERT INTO "location_index_parent" VALUES(3,1);
CREATE TABLE sound (id INTEGER PRIMARY KEY,data TEXT);
INSERT INTO "sound" VALUES(1709,'http://api.dev.locosonic.com/system/uploads/location_sound/file/1709/Native-70.wav');
INSERT INTO "sound" VALUES(1710,'http://api.dev.locosonic.com/system/uploads/location_sound/file/1710/Drums_loop_140BMP_DakeatKit-03.wav');
INSERT INTO "sound" VALUES(1711,'http://api.dev.locosonic.com/system/uploads/location_sound/file/1711/140bpmglitch1.wav');
INSERT INTO "sound" VALUES(1712,'http://api.dev.locosonic.com/system/uploads/location_sound/file/1712/Remix_of_43156__Vann_Westfold__BeedapCool_Rub-Dub.wav');
INSERT INTO "sound" VALUES(1713,'http://api.dev.locosonic.com/system/uploads/location_sound/file/1713/2.wav');
INSERT INTO "sound" VALUES(1714,'http://api.dev.locosonic.com/system/uploads/location_sound/file/1714/basswobble1step.wav');
INSERT INTO "sound" VALUES(1715,'http://api.dev.locosonic.com/system/uploads/location_sound/file/1715/ZOOM0066.WAV');
INSERT INTO "sound" VALUES(1716,'http://api.dev.locosonic.com/system/uploads/location_sound/file/1716/ocean-3.wav');
INSERT INTO "sound" VALUES(1717,'http://api.dev.locosonic.com/system/uploads/location_sound/file/1717/ZOOM0060.WAV');
INSERT INTO "sound" VALUES(1718,'http://api.dev.locosonic.com/system/uploads/location_sound/file/1718/REFLEXVOCALS03.wav');
INSERT INTO "sound" VALUES(1719,'http://api.dev.locosonic.com/system/uploads/location_sound/file/1719/compelectro_140bpm');
INSERT INTO "sound" VALUES(1720,'http://api.dev.locosonic.com/system/uploads/location_sound/file/1720/raggae_dude.wav');
INSERT INTO "sound" VALUES(1721,'http://api.dev.locosonic.com/system/uploads/location_sound/file/1721/crushedrums_140.wav');
INSERT INTO "sound" VALUES(1722,'http://api.dev.locosonic.com/system/uploads/location_sound/file/1722/1.wav');
INSERT INTO "sound" VALUES(1723,'http://api.dev.locosonic.com/system/uploads/location_sound/file/1723/3.wav');
INSERT INTO "sound" VALUES(1724,'http://api.dev.locosonic.com/system/uploads/location_sound/file/1724/harp013.wav');
INSERT INTO "sound" VALUES(1725,'http://api.dev.locosonic.com/system/uploads/location_sound/file/1725/harp012.wav');
INSERT INTO "sound" VALUES(1726,'http://api.dev.locosonic.com/system/uploads/location_sound/file/1726/harp011.wav');
INSERT INTO "sound" VALUES(1727,'http://api.dev.locosonic.com/system/uploads/location_sound/file/1727/harp004.wav');
INSERT INTO "sound" VALUES(1728,'http://api.dev.locosonic.com/system/uploads/location_sound/file/1728/Market_07_090430.wav');
INSERT INTO "sound" VALUES(1729,'http://api.dev.locosonic.com/system/uploads/location_sound/file/1729/ljub_market3.wav');
INSERT INTO "sound" VALUES(1730,'http://api.dev.locosonic.com/system/uploads/location_sound/file/1730/140_bpm_hat_loop');
INSERT INTO "sound" VALUES(1731,'http://api.dev.locosonic.com/system/uploads/location_sound/file/1731/Amped_dubstep_loop_140BPM');
INSERT INTO "sound" VALUES(1732,'http://api.dev.locosonic.com/system/uploads/location_sound/file/1732/Amped_dubstep_loop_140BPM__2');
INSERT INTO "sound" VALUES(1733,'http://api.dev.locosonic.com/system/uploads/location_sound/file/1733/140bpmglitch2.wav');
INSERT INTO "sound" VALUES(1734,'http://api.dev.locosonic.com/system/uploads/location_sound/file/1734/140bpmglitch3.wav');
INSERT INTO "sound" VALUES(1735,'http://api.dev.locosonic.com/system/uploads/location_sound/file/1735/sheep_4__B_.wav');
INSERT INTO "sound" VALUES(1736,'http://api.dev.locosonic.com/system/uploads/location_sound/file/1736/140bpmglitch4.wav');
INSERT INTO "sound" VALUES(1737,'http://api.dev.locosonic.com/system/uploads/location_sound/file/1737/REFLEXVOCALS03.wav');
INSERT INTO "sound" VALUES(1738,'http://api.dev.locosonic.com/system/uploads/location_sound/file/1738/aragga1.wav');
INSERT INTO "sound" VALUES(1739,'http://api.dev.locosonic.com/system/uploads/location_sound/file/1739/140_dubstep_loop_5.wav');
INSERT INTO "sound" VALUES(1740,'http://api.dev.locosonic.com/system/uploads/location_sound/file/1740/dubstep_wobble_md_140bpm');
INSERT INTO "sound" VALUES(1741,'http://api.dev.locosonic.com/system/uploads/location_sound/file/1741/140_dubstep_loop_3.wav');
INSERT INTO "sound" VALUES(1742,'http://api.dev.locosonic.com/system/uploads/location_sound/file/1742/HH140_Bass_Groove.wav');
INSERT INTO "sound" VALUES(1743,'http://api.dev.locosonic.com/system/uploads/location_sound/file/1743/HH140_String_Motif.wav');
INSERT INTO "sound" VALUES(1744,'http://api.dev.locosonic.com/system/uploads/location_sound/file/1744/140-bpm-dub-loop1.wav');
INSERT INTO "sound" VALUES(1745,'http://api.dev.locosonic.com/system/uploads/location_sound/file/1745/basswobble1step.wav');
INSERT INTO "sound" VALUES(1746,'http://api.dev.locosonic.com/system/uploads/location_sound/file/1746/Flow_of_Time__.wav');
INSERT INTO "sound" VALUES(1747,'http://api.dev.locosonic.com/system/uploads/location_sound/file/1747/1.wav');
INSERT INTO "sound" VALUES(1748,'http://api.dev.locosonic.com/system/uploads/location_sound/file/1748/Glitchdrumloop_140BPM.wav');
INSERT INTO "sound" VALUES(1749,'http://api.dev.locosonic.com/system/uploads/location_sound/file/1749/basswobble1step.wav');
INSERT INTO "sound" VALUES(1750,'http://api.dev.locosonic.com/system/uploads/location_sound/file/1750/Flow_of_Time__.wav');
INSERT INTO "sound" VALUES(1751,'http://api.dev.locosonic.com/system/uploads/location_sound/file/1751/harp004.wav');
INSERT INTO "sound" VALUES(1752,'http://api.dev.locosonic.com/system/uploads/location_sound/file/1752/raggae_dude.wav');
INSERT INTO "sound" VALUES(1753,'http://api.dev.locosonic.com/system/uploads/location_sound/file/1753/harp010.wav');
INSERT INTO "sound" VALUES(1754,'http://api.dev.locosonic.com/system/uploads/location_sound/file/1754/ZOOM0062.WAV');
INSERT INTO "sound" VALUES(1755,'http://api.dev.locosonic.com/system/uploads/location_sound/file/1755/Flow_of_Time__.wav');
INSERT INTO "sound" VALUES(1756,'http://api.dev.locosonic.com/system/uploads/location_sound/file/1756/Real-Reggea_Dist_Chops.wav');
INSERT INTO "sound" VALUES(1757,'http://api.dev.locosonic.com/system/uploads/location_sound/file/1757/HH140_String_Motif.wav');
INSERT INTO "sound" VALUES(1758,'http://api.dev.locosonic.com/system/uploads/location_sound/file/1758/REFLEXVOCALS03.wav');
INSERT INTO "sound" VALUES(1759,'http://api.dev.locosonic.com/system/uploads/location_sound/file/1759/JYeah.wav');
INSERT INTO "sound" VALUES(1760,'http://api.dev.locosonic.com/system/uploads/location_sound/file/1760/glitchsaw');
INSERT INTO "sound" VALUES(1761,'http://api.dev.locosonic.com/system/uploads/location_sound/file/1761/_Four__wide__Unpitched_');
INSERT INTO "sound" VALUES(1762,'http://api.dev.locosonic.com/system/uploads/location_sound/file/1762/_Three__Unpitched_');
INSERT INTO "sound" VALUES(1763,'http://api.dev.locosonic.com/system/uploads/location_sound/file/1763/_Two__wide__Unpitched_');
INSERT INTO "sound" VALUES(1764,'http://api.dev.locosonic.com/system/uploads/location_sound/file/1764/_One__wide__Unpitched_');
INSERT INTO "sound" VALUES(1765,'http://api.dev.locosonic.com/system/uploads/location_sound/file/1765/nlebarbe_1.wav');
INSERT INTO "sound" VALUES(1766,'http://api.dev.locosonic.com/system/uploads/location_sound/file/1766/17talien_perc');
INSERT INTO "sound" VALUES(1767,'http://api.dev.locosonic.com/system/uploads/location_sound/file/1767/sound-alien7.wav');
INSERT INTO "sound" VALUES(1768,'http://api.dev.locosonic.com/system/uploads/location_sound/file/1768/sound-alien5.wav');
INSERT INTO "sound" VALUES(1769,'http://api.dev.locosonic.com/system/uploads/location_sound/file/1769/monkey_scream.wav');
INSERT INTO "sound" VALUES(1770,'http://api.dev.locosonic.com/system/uploads/location_sound/file/1770/Laughing_edit.wav');
INSERT INTO "sound" VALUES(1771,'http://api.dev.locosonic.com/system/uploads/location_sound/file/1771/cdm4_034.wav');
INSERT INTO "sound" VALUES(1772,'http://api.dev.locosonic.com/system/uploads/location_sound/file/1772/sound-alien5.wav');
INSERT INTO "sound" VALUES(1773,'http://api.dev.locosonic.com/system/uploads/location_sound/file/1773/sound-alien7.wav');
INSERT INTO "sound" VALUES(1774,'http://api.dev.locosonic.com/system/uploads/location_sound/file/1774/Vinyl_Composition_Royalty_Free_Old_School_Loop_With_Saxophone_Aimed_At_Adding_That_Old_School_Flavour_To_Your_Hottest_Hip-Hop_Song_And_Also_No_Drums.');
INSERT INTO "sound" VALUES(1775,'http://api.dev.locosonic.com/system/uploads/location_sound/file/1775/kaleido1-140bpm');
INSERT INTO "sound" VALUES(1776,'http://api.dev.locosonic.com/system/uploads/location_sound/file/1776/Timbales-70.wav');
INSERT INTO "sound" VALUES(1777,'http://api.dev.locosonic.com/system/uploads/location_sound/file/1777/Laughing_edit.wav');
INSERT INTO "sound" VALUES(1778,'http://api.dev.locosonic.com/system/uploads/location_sound/file/1778/JungleBirds70.wav');
INSERT INTO "sound" VALUES(1779,'http://api.dev.locosonic.com/system/uploads/location_sound/file/1779/140_bpm_ATTACK_LOOP_1_ELEMENT_5_mastererd_16_bit.wav');
INSERT INTO "sound" VALUES(1780,'http://api.dev.locosonic.com/system/uploads/location_sound/file/1780/untitled140.wav');
INSERT INTO "sound" VALUES(1781,'http://api.dev.locosonic.com/system/uploads/location_sound/file/1781/Drums_loop_140BMP_DakeatKit-03.wav');
INSERT INTO "sound" VALUES(1782,'http://api.dev.locosonic.com/system/uploads/location_sound/file/1782/ZOOM0061.WAV');
INSERT INTO "sound" VALUES(1783,'http://api.dev.locosonic.com/system/uploads/location_sound/file/1783/1.wav');
INSERT INTO "sound" VALUES(1784,'http://api.dev.locosonic.com/system/uploads/location_sound/file/1784/female_short_laugh_02');
INSERT INTO "sound" VALUES(1785,'http://api.dev.locosonic.com/system/uploads/location_sound/file/1785/Female_laugh_04.wav');
INSERT INTO "sound" VALUES(1786,'http://api.dev.locosonic.com/system/uploads/location_sound/file/1786/CrazyLaugh.wav');
INSERT INTO "sound" VALUES(1787,'http://api.dev.locosonic.com/system/uploads/location_sound/file/1787/LAUGH.wav');
INSERT INTO "sound" VALUES(1788,'http://api.dev.locosonic.com/system/uploads/location_sound/file/1788/08._Crying.wav');
INSERT INTO "sound" VALUES(1789,'http://api.dev.locosonic.com/system/uploads/location_sound/file/1789/cat.wav');
CREATE TABLE sound_file_info (sound_id INTEGER,channels INTEGER,sample_rate REAL,frames INTEGER);
CREATE TABLE location_sound (id INTEGER PRIMARY KEY,location_id INTEGER,sound_id INTEGER,volume REAL,onset_quantization REAL,onset_quantization_phase REAL,offset_quantization REAL,offset_quantization_phase REAL,duration REAL,repetitions REAL);
INSERT INTO "location_sound" VALUES(2037,1825,1709,1.0,-1.0,0.0,-1.0,0.0,-1.0,0.0);
INSERT INTO "location_sound" VALUES(2038,1825,1710,1.0,-1.0,0.0,-1.0,0.0,-2.0,0.0);
INSERT INTO "location_sound" VALUES(2039,1826,1711,1.0,-2.0,0.0,-2.0,0.0,-4.0,0.0);
INSERT INTO "location_sound" VALUES(2040,1827,1712,0.398107,1.0,0.0,0.0,0.0,0.0,1.0);
INSERT INTO "location_sound" VALUES(2041,1828,1713,1.0,-1.0,0.0,-1.0,0.0,-4.0,0.0);
INSERT INTO "location_sound" VALUES(2042,1828,1714,0.794328,-1.0,0.0,-1.0,0.0,0.0,0.0);
INSERT INTO "location_sound" VALUES(2043,1829,1715,1.99526,1.0,0.0,-1.0,0.0,-8.0,1.0);
INSERT INTO "location_sound" VALUES(2044,1829,1716,0.341389,0.0,0.0,0.0,0.0,0.0,0.0);
INSERT INTO "location_sound" VALUES(2045,1830,1717,1.99526,-1.0,0.0,-2.0,0.0,-8.0,1.0);
INSERT INTO "location_sound" VALUES(2046,1831,1718,1.0,1.0,0.0,-2.0,0.0,0.0,1.0);
INSERT INTO "location_sound" VALUES(2047,1832,1719,0.794328,-1.0,0.0,-1.0,0.0,-4.0,0.0);
INSERT INTO "location_sound" VALUES(2048,1832,1720,0.158489,-4.0,0.0,-4.0,0.0,-8.0,8.0);
INSERT INTO "location_sound" VALUES(2049,1833,1721,1.0,-2.0,0.0,-1.0,0.0,0.0,8.0);
INSERT INTO "location_sound" VALUES(2050,1834,1722,1.0,-4.0,0.0,-4.0,0.0,-4.0,0.0);
INSERT INTO "location_sound" VALUES(2051,1835,1723,1.0,-1.0,0.0,-1.0,0.0,-1.0,0.0);
INSERT INTO "location_sound" VALUES(2052,1836,1724,0.234288,0.0,0.0,-8.0,0.0,0.0,0.0);
INSERT INTO "location_sound" VALUES(2053,1836,1725,0.418553,0.0,0.0,-7.0,0.0,-4.0,0.0);
INSERT INTO "location_sound" VALUES(2054,1836,1726,0.679204,0.0,0.0,-6.0,0.0,0.0,0.0);
INSERT INTO "location_sound" VALUES(2055,1836,1727,0.679204,0.0,0.0,-5.0,0.0,-5.0,0.0);
INSERT INTO "location_sound" VALUES(2056,1837,1728,1.0,0.0,0.0,0.0,0.0,0.0,0.0);
INSERT INTO "location_sound" VALUES(2057,1838,1729,1.0,0.0,0.0,0.0,0.0,0.0,0.0);
INSERT INTO "location_sound" VALUES(2058,1839,1730,1.0,-1.0,0.0,-1.0,0.0,0.0,0.0);
INSERT INTO "location_sound" VALUES(2059,1840,1731,1.0,-1.0,0.0,-1.0,0.0,0.0,0.0);
INSERT INTO "location_sound" VALUES(2060,1840,1732,1.0,-1.0,0.0,-1.0,0.0,0.0,0.0);
INSERT INTO "location_sound" VALUES(2061,1841,1733,1.0,-2.0,0.0,-2.0,0.0,-4.0,0.0);
INSERT INTO "location_sound" VALUES(2062,1842,1734,1.0,-2.0,0.0,-2.0,0.0,-4.0,0.0);
INSERT INTO "location_sound" VALUES(2063,1842,1735,0.794328,-1.0,0.0,-1.0,0.0,-2.0,0.0);
INSERT INTO "location_sound" VALUES(2064,1843,1736,1.0,-2.0,0.0,-2.0,0.0,-4.0,0.0);
INSERT INTO "location_sound" VALUES(2065,1844,1737,1.0,-1.0,0.0,0.0,0.0,-4.0,0.0);
INSERT INTO "location_sound" VALUES(2066,1845,1738,1.0,-1.0,0.0,0.0,0.0,-2.0,0.0);
INSERT INTO "location_sound" VALUES(2067,1846,1739,1.0,-1.0,0.0,-1.0,0.0,-4.0,0.0);
INSERT INTO "location_sound" VALUES(2068,1846,1740,1.0,-1.0,0.0,0.0,0.0,0.0,0.0);
INSERT INTO "location_sound" VALUES(2069,1847,1741,0.507867,-1.0,0.0,-2.0,0.0,0.0,0.0);
INSERT INTO "location_sound" VALUES(2070,1847,1742,0.678032,-1.0,0.0,-1.0,0.0,0.0,0.0);
INSERT INTO "location_sound" VALUES(2071,1847,1743,1.0,-1.0,0.0,-1.0,0.0,0.0,0.0);
INSERT INTO "location_sound" VALUES(2072,1848,1744,1.0,-4.0,0.0,-4.0,0.0,-4.0,0.0);
INSERT INTO "location_sound" VALUES(2073,1849,1745,0.0,-1.0,0.0,-1.0,0.0,0.0,0.0);
INSERT INTO "location_sound" VALUES(2074,1849,1746,0.926296,-1.0,0.0,-1.0,0.0,0.0,0.0);
INSERT INTO "location_sound" VALUES(2075,1850,1747,1.0,-4.0,0.0,-4.0,0.0,-4.0,0.0);
INSERT INTO "location_sound" VALUES(2076,1851,1748,1.0,-1.0,0.0,-1.0,0.0,0.0,0.0);
INSERT INTO "location_sound" VALUES(2077,1851,1749,0.884606,-1.0,0.0,-1.0,0.0,0.0,0.0);
INSERT INTO "location_sound" VALUES(2078,1851,1750,0.423399,-1.0,0.0,-1.0,0.0,0.0,0.0);
INSERT INTO "location_sound" VALUES(2079,1852,1751,1.0,-4.0,0.0,0.0,0.0,-3.0,13.0);
INSERT INTO "location_sound" VALUES(2080,1852,1752,0.630957,1.0,0.0,-4.0,0.0,0.0,1.0);
INSERT INTO "location_sound" VALUES(2081,1853,1753,1.0,-4.0,0.0,0.0,0.0,-4.0,10.0);
INSERT INTO "location_sound" VALUES(2082,1854,1754,1.99526,-1.0,0.0,-2.0,0.0,-8.0,1.0);
INSERT INTO "location_sound" VALUES(2083,1855,1755,0.464248,-1.0,0.0,-1.0,0.0,0.0,0.0);
INSERT INTO "location_sound" VALUES(2084,1856,1756,1.0,-1.0,0.0,-1.0,0.0,-4.0,0.0);
INSERT INTO "location_sound" VALUES(2085,1857,1757,1.0,-1.0,0.0,-1.0,0.0,0.0,0.0);
INSERT INTO "location_sound" VALUES(2086,1857,1758,1.0,-1.0,0.0,0.0,0.0,-8.0,0.0);
INSERT INTO "location_sound" VALUES(2087,1858,1759,0.170903,1.0,0.0,0.0,0.0,-1.0,0.0);
INSERT INTO "location_sound" VALUES(2088,1858,1760,0.630231,-1.0,0.0,0.0,0.0,-3.0,0.0);
INSERT INTO "location_sound" VALUES(2089,1859,1761,1.0,0.0,0.0,0.0,0.0,0.0,1.0);
INSERT INTO "location_sound" VALUES(2090,1860,1762,1.0,0.0,0.0,0.0,0.0,0.0,1.0);
INSERT INTO "location_sound" VALUES(2091,1861,1763,1.0,0.0,0.0,0.0,0.0,0.0,1.0);
INSERT INTO "location_sound" VALUES(2092,1862,1764,1.0,0.0,0.0,0.0,0.0,0.0,1.0);
INSERT INTO "location_sound" VALUES(2093,1863,1765,1.0,1.0,0.0,0.0,0.0,-2.0,0.0);
INSERT INTO "location_sound" VALUES(2094,1864,1766,1.0,1.0,0.0,0.0,0.0,-3.0,0.0);
INSERT INTO "location_sound" VALUES(2095,1865,1767,1.0,2.0,0.0,0.0,0.0,0.0,1.0);
INSERT INTO "location_sound" VALUES(2096,1866,1768,1.0,2.0,0.0,0.0,0.0,0.0,1.0);
INSERT INTO "location_sound" VALUES(2097,1867,1769,1.0,-1.0,0.0,0.0,0.0,-4.0,0.0);
INSERT INTO "location_sound" VALUES(2098,1868,1770,1.0,-1.0,0.0,0.0,0.0,0.0,1.0);
INSERT INTO "location_sound" VALUES(2099,1869,1771,1.0,2.0,0.0,0.0,0.0,0.0,1.0);
INSERT INTO "location_sound" VALUES(2100,1870,1772,1.0,-2.0,0.0,-1.0,0.0,-4.0,8.0);
INSERT INTO "location_sound" VALUES(2101,1871,1773,1.0,-2.0,0.0,-2.0,0.0,-8.0,8.0);
INSERT INTO "location_sound" VALUES(2102,1872,1774,1.0,-2.0,0.0,-2.0,0.0,0.0,0.0);
INSERT INTO "location_sound" VALUES(2103,1873,1775,1.0,-1.0,0.0,-1.0,0.0,-2.0,0.0);
INSERT INTO "location_sound" VALUES(2104,1874,1776,1.0,-1.0,0.0,-1.0,0.0,-1.0,0.0);
INSERT INTO "location_sound" VALUES(2105,1874,1777,1.0,1.0,0.0,1.0,0.0,0.0,4.0);
INSERT INTO "location_sound" VALUES(2106,1875,1778,1.0,-1.0,0.0,-1.0,0.0,-1.0,0.0);
INSERT INTO "location_sound" VALUES(2107,1875,1779,1.0,-1.0,0.0,-1.0,0.0,0.0,0.0);
INSERT INTO "location_sound" VALUES(2108,1876,1780,0.630957,-1.0,0.0,-1.0,0.0,-2.0,0.0);
INSERT INTO "location_sound" VALUES(2109,1876,1781,1.0,-1.0,0.0,-1.0,0.0,0.0,0.0);
INSERT INTO "location_sound" VALUES(2110,1877,1782,1.0,0.0,0.0,0.0,0.0,0.0,1.0);
INSERT INTO "location_sound" VALUES(2111,1878,1783,1.0,-1.0,0.0,-1.0,0.0,-4.0,0.0);
INSERT INTO "location_sound" VALUES(2112,1879,1784,1.0,1.0,0.0,0.0,0.0,0.0,1.0);
INSERT INTO "location_sound" VALUES(2113,1879,1785,0.468004,0.0,0.0,0.0,0.0,0.0,0.0);
INSERT INTO "location_sound" VALUES(2114,1879,1786,1.28751,0.0,0.0,0.0,0.0,0.0,0.0);
INSERT INTO "location_sound" VALUES(2115,1879,1787,1.0,0.0,0.0,0.0,0.0,-8.0,4.0);
INSERT INTO "location_sound" VALUES(2116,1880,1788,1.0,0.0,0.0,0.0,0.0,0.0,0.0);
INSERT INTO "location_sound" VALUES(2117,1880,1789,0.466659,-16.0,0.0,0.0,0.0,0.0,1.0);
PRAGMA writable_schema=OFF;
COMMIT;
