PRAGMA foreign_keys=OFF;
BEGIN TRANSACTION;
CREATE TABLE soundscape (id INTEGER PRIMARY KEY,name TEXT,tempo REAL,meter_nominator INTEGER,meter_denominator INTEGER);
INSERT INTO "soundscape" VALUES(175,'schwedenplatz',1.0,4,4);
CREATE TABLE location (id INTEGER PRIMARY KEY,soundscape_id INTEGER,latitude REAL,longitude REAL,radius REAL,volume REAL,distance_scale_parameter REAL);
INSERT INTO "location" VALUES(1978,175,4.82116652128878513377e+01,1.63787375866486399904e+01,25.0,1.0,0.1);
INSERT INTO "location" VALUES(1979,175,4.82116272025359791095e+01,1.63780964861122129154e+01,25.0,1.0,0.1);
INSERT INTO "location" VALUES(1980,175,4.82117890151275503302e+01,1.63775010570097769857e+01,25.0,1.0,0.1);
INSERT INTO "location" VALUES(1981,175,4.82116474291378480651e+01,1.63775117672093166736e+01,107.0,1.0,0.0104713);
INSERT INTO "location" VALUES(1982,175,4.82112883985939362236e+01,1.63785068155038970871e+01,25.0,1.0,0.1);
INSERT INTO "location" VALUES(1983,175,4.82121833235817263138e+01,1.63766695642279955791e+01,25.0,1.0,0.1);
INSERT INTO "location" VALUES(1984,175,4.8212011506606458509e+01,1.63770987549436810581e+01,25.0,1.0,0.1);
PRAGMA writable_schema=ON;
INSERT INTO sqlite_master(type,name,tbl_name,rootpage,sql)VALUES('table','location_index','location_index',0,'CREATE VIRTUAL TABLE location_index USING rtree (id, min_latitude, max_latitude, min_longitude, max_longitude)');
CREATE TABLE "location_index_node"(nodeno INTEGER PRIMARY KEY, data BLOB);
INSERT INTO "location_index_node" VALUES(1,X'0000000700000000000007BA4240D8824240D8FA418306F64183085900000000000007BB4240D8784240D8F0418305A64183070900000000000007BC4240D8A44240D91C4183046E418305D100000000000007BD4240D7BC4240D9B84183022F4183081A00000000000007BE4240D8214240D8974183067D418307E000000000000007BF4240D90A4240D982418302BA4183041D00000000000007C04240D8DD4240D9564183039B418304FE0000000000000000000000000000000000000000000000000000000000000000000000000000000000000000000000000000000000000000000000000000000000000000000000000000000000000000000000000000000000000000000000000000000000000000000000000000000000000000000000000000000000000000000000000000000000000000000000000000000000000000000000000000000000000000000000000000000000000000000000000000000000000000000000000000000000000000000000000000000000000000000000000000000000000000000000000000000000000000000000000000000000000000000000000000000000000000000000000000000000000000000000000000000000000000000000000000000000000000000000000000000000000000000000000000000000000000000000000000000000000000000000000000000000000000000000000000000000000000000000000000000000000000000000000000000000000000000000000000000000000000000000000000000000000000000000000000000000000000000000000000000000000000000000000000000000000000000000000000000000000000000000000000000000000000000000000000000000000000000000000000000000000000000000000000000000000000000000000000000000000000000000000000000000000000000000000000000000000000000000000000000000000000000000000000000000000000000000000000000000000000000000000000000000000000000000000000000000000000000000000000000000000000000000000000000000000000000000000000000000000000000000000000000000000000000000000000000000000000000000000000000000000000000000000000000000000000000000000000000000000000000000000000000000000000000000000000000000000000000000000000000000000000000000000000000000000000000000000000000000000000000000000000000000000000000000000000000000000000000000000000000000000000');
CREATE TABLE "location_index_rowid"(rowid INTEGER PRIMARY KEY, nodeno INTEGER);
INSERT INTO "location_index_rowid" VALUES(1978,1);
INSERT INTO "location_index_rowid" VALUES(1979,1);
INSERT INTO "location_index_rowid" VALUES(1980,1);
INSERT INTO "location_index_rowid" VALUES(1981,1);
INSERT INTO "location_index_rowid" VALUES(1982,1);
INSERT INTO "location_index_rowid" VALUES(1983,1);
INSERT INTO "location_index_rowid" VALUES(1984,1);
CREATE TABLE "location_index_parent"(nodeno INTEGER PRIMARY KEY, parentnode INTEGER);
CREATE TABLE sound (id INTEGER PRIMARY KEY,data TEXT);
INSERT INTO "sound" VALUES(1929,'http://api.dev.locosonic.com/system/uploads/location_sound/file/1929/Right.wav');
INSERT INTO "sound" VALUES(1930,'http://api.dev.locosonic.com/system/uploads/location_sound/file/1930/leftright1648.aif');
INSERT INTO "sound" VALUES(1931,'http://api.dev.locosonic.com/system/uploads/location_sound/file/1931/scary.mp3');
INSERT INTO "sound" VALUES(1932,'http://api.dev.locosonic.com/system/uploads/location_sound/file/1932/wrong-right.wav');
INSERT INTO "sound" VALUES(1933,'http://api.dev.locosonic.com/system/uploads/location_sound/file/1933/Race_Robot_-_left');
INSERT INTO "sound" VALUES(1934,'http://api.dev.locosonic.com/system/uploads/location_sound/file/1934/Untitled-13.wav');
INSERT INTO "sound" VALUES(1935,'http://api.dev.locosonic.com/system/uploads/location_sound/file/1935/synthetic_pings__light-bulb__indicator.flac');
INSERT INTO "sound" VALUES(1936,'http://api.dev.locosonic.com/system/uploads/location_sound/file/1936/user_left.wav');
INSERT INTO "sound" VALUES(1937,'http://api.dev.locosonic.com/system/uploads/location_sound/file/1937/proceed_direct.wav');
CREATE TABLE sound_file_info (sound_id INTEGER,channels INTEGER,sample_rate REAL,frames INTEGER);
CREATE TABLE location_sound (id INTEGER PRIMARY KEY,location_id INTEGER,sound_id INTEGER,volume REAL,onset_quantization REAL,onset_quantization_phase REAL,offset_quantization REAL,offset_quantization_phase REAL,duration REAL,repetitions REAL);
INSERT INTO "location_sound" VALUES(2261,1978,1929,1.0,0.0,0.0,0.0,0.0,-4.0,0.0);
INSERT INTO "location_sound" VALUES(2262,1979,1930,1.0,0.0,0.0,0.0,0.0,0.0,0.0);
INSERT INTO "location_sound" VALUES(2263,1979,1931,1.0,0.0,0.0,0.0,0.0,0.0,1.0);
INSERT INTO "location_sound" VALUES(2264,1979,1932,1.0,0.0,0.0,0.0,0.0,0.0,1.0);
INSERT INTO "location_sound" VALUES(2265,1980,1933,1.0,0.0,0.0,0.0,0.0,-4.0,0.0);
INSERT INTO "location_sound" VALUES(2266,1981,1934,1.0,0.0,0.0,0.0,0.0,0.0,0.0);
INSERT INTO "location_sound" VALUES(2267,1982,1935,1.0,0.0,0.0,0.0,0.0,-1.0,0.0);
INSERT INTO "location_sound" VALUES(2268,1983,1936,1.0,0.0,0.0,0.0,0.0,-4.0,0.0);
INSERT INTO "location_sound" VALUES(2269,1984,1937,1.0,0.0,0.0,0.0,0.0,-4.0,0.0);
PRAGMA writable_schema=OFF;
COMMIT;
