PRAGMA foreign_keys=OFF;
BEGIN TRANSACTION;
CREATE TABLE soundscape (id INTEGER PRIMARY KEY,name TEXT,tempo REAL,meter_nominator INTEGER,meter_denominator INTEGER);
INSERT INTO "soundscape" VALUES(180,'Judenplatz',1.9,4,4);
CREATE TABLE location (id INTEGER PRIMARY KEY,soundscape_id INTEGER,latitude REAL,longitude REAL,radius REAL,volume REAL,distance_scale_parameter REAL);
INSERT INTO "location" VALUES(2024,180,4.82113694379524559963e+01,1.63698985922567317174e+01,5.0,1.0,0.1);
INSERT INTO "location" VALUES(2025,180,4.82114256940284704447e+01,1.63700383909256288461e+01,7.0,1.0,0.0104713);
INSERT INTO "location" VALUES(2026,180,4.82113372331544240987e+01,1.63699967399043089244e+01,5.0,1.0,0.0104713);
INSERT INTO "location" VALUES(2027,180,4.82112488144906663461e+01,1.6369925195487212477e+01,7.0,1.0,0.0104713);
INSERT INTO "location" VALUES(2028,180,48.2113795752622,1.63693737475663283476e+01,9.0,0.735783,0.1);
INSERT INTO "location" VALUES(2029,180,4.82112385820601119235e+01,1.63693014465172019815e+01,12.0,1.0,0.1);
INSERT INTO "location" VALUES(2030,180,4.82123956072254813412e+01,1.6369333184479351928e+01,14.0,0.794328,0.1);
INSERT INTO "location" VALUES(2031,180,4.82121028951849552859e+01,1.63693340071087796157e+01,29.0,1.07833,0.0776247);
INSERT INTO "location" VALUES(2032,180,4.82117634148048566098e+01,1.63687578744919122182e+01,12.0,1.0,0.1);
INSERT INTO "location" VALUES(2033,180,4.82128514542024149119e+01,1.63698724232490171463e+01,12.0,1.0,0.1);
INSERT INTO "location" VALUES(2034,180,48.2114649045651,1.63683784036248596298e+01,15.0,1.0,0.1);
INSERT INTO "location" VALUES(2035,180,48.212017049758,1.63697013292932425088e+01,169.0,0.794328,0.1);
INSERT INTO "location" VALUES(2036,180,4.82127694768762680163e+01,1.63698954045851294836e+01,78.0,0.793414,0.0104713);
INSERT INTO "location" VALUES(2037,180,4.82126329297138838097e+01,1.63696114278465394416e+01,20.0,0.794328,0.0104713);
INSERT INTO "location" VALUES(2038,180,4.82113483085082918924e+01,1.63699159287757751708e+01,24.0,0.794328,0.0104713);
INSERT INTO "location" VALUES(2039,180,4.82116003657766825076e+01,1.63694956413121417426e+01,26.0,0.681161,0.0104713);
INSERT INTO "location" VALUES(2040,180,4.82114168945224079703e+01,1.63689760890069919692e+01,25.0,0.925231,0.0104713);
INSERT INTO "location" VALUES(2041,180,4.82114141771829380917e+01,1.63683050479029716943e+01,33.0,0.794328,0.0104713);
INSERT INTO "location" VALUES(2042,180,4.82119253510941661025e+01,1.63689967946928227604e+01,41.0,0.793414,0.0457088);
INSERT INTO "location" VALUES(2043,180,4.8211886937817979514e+01,1.63689395400178696604e+01,20.0,0.582774,0.0104713);
INSERT INTO "location" VALUES(2044,180,4.82115702612945611332e+01,1.63687944396850859618e+01,13.0,0.794328,0.0104713);
INSERT INTO "location" VALUES(2045,180,4.82130699778971560931e+01,1.63701977922995958181e+01,23.0,0.681161,0.0138038);
PRAGMA writable_schema=ON;
INSERT INTO sqlite_master(type,name,tbl_name,rootpage,sql)VALUES('table','location_index','location_index',0,'CREATE VIRTUAL TABLE location_index USING rtree (id, min_latitude, max_latitude, min_longitude, max_longitude)');
CREATE TABLE "location_index_node"(nodeno INTEGER PRIMARY KEY, data BLOB);
INSERT INTO "location_index_node" VALUES(1,X'0000001600000000000007E84240D8654240D87F4182F56A4182F5B100000000000007E94240D86F4240D8924182F5A54182F60900000000000007EA4240D85D4240D8754182F59D4182F5E500000000000007EB4240D8414240D8644182F5694182F5CD00000000000007EC4240D85D4240D88B4182F43A4182F4BA00000000000007ED4240D8314240D86D4182F3FF4182F4AA00000000000007EE4240D95D4240D9A14182F4014182F4C900000000000007EF4240D8ED4240D9764182F3984182F53300000000000007F04240D8BC4240D8F54182F2E24182F38D00000000000007F14240D9D94240DA144182F52A4182F5D500000000000007F24240D8654240D8AE4182F2064182F2DB00000000000007F34240D78B4240DAAB4182F07A4182F9D200000000000007F44240D9284240DA9A4182F3634182F7B400000000000007F54240D98D4240D9EC4182F4694182F58500000000000007F64240D8334240D8A64182F4EC4182F64100000000000007F74240D8704240D8ED4182F4024182F57300000000000007F84240D8414240D8B94182F2F84182F45B00000000000007F94240D82F4240D8CB4182F1604182F33400000000000007FA4240D8A24240D9644182F2924182F4D700000000000007FB4240D8C84240D92A4182F3094182F42500000000000007FC4240D8874240D8C54182F2ED4182F3A800000000000007FD4240D9F74240DA674182F5864182F6CE0000000000000000000000000000000000000000000000000000000000000000000000000000000000000000000000000000000000000000000000000000000000000000000000000000000000000000000000000000000000000000000000000000000000000000000000000000000000000000000000000000000000000000000000000000000000000000000000000000000000000000000000000000000000000000000000000000000000000000000000000000000000000000000000000000000000000000000000000000000000000000000000000000000000000000000000000000000000000000000000000000000000000000000000000000000000000000000000000000000000000000000000000000000000000000000000000000000000000000000000000000000000000000000000000000000000000000000000000000000000000000000000000000000000000000000000000000000000000000000000000000000000000000000000000000000000000000000000000000000000000000000000000000000000000000000000000000000000000000000000000000000000000000');
CREATE TABLE "location_index_rowid"(rowid INTEGER PRIMARY KEY, nodeno INTEGER);
INSERT INTO "location_index_rowid" VALUES(2024,1);
INSERT INTO "location_index_rowid" VALUES(2025,1);
INSERT INTO "location_index_rowid" VALUES(2026,1);
INSERT INTO "location_index_rowid" VALUES(2027,1);
INSERT INTO "location_index_rowid" VALUES(2028,1);
INSERT INTO "location_index_rowid" VALUES(2029,1);
INSERT INTO "location_index_rowid" VALUES(2030,1);
INSERT INTO "location_index_rowid" VALUES(2031,1);
INSERT INTO "location_index_rowid" VALUES(2032,1);
INSERT INTO "location_index_rowid" VALUES(2033,1);
INSERT INTO "location_index_rowid" VALUES(2034,1);
INSERT INTO "location_index_rowid" VALUES(2035,1);
INSERT INTO "location_index_rowid" VALUES(2036,1);
INSERT INTO "location_index_rowid" VALUES(2037,1);
INSERT INTO "location_index_rowid" VALUES(2038,1);
INSERT INTO "location_index_rowid" VALUES(2039,1);
INSERT INTO "location_index_rowid" VALUES(2040,1);
INSERT INTO "location_index_rowid" VALUES(2041,1);
INSERT INTO "location_index_rowid" VALUES(2042,1);
INSERT INTO "location_index_rowid" VALUES(2043,1);
INSERT INTO "location_index_rowid" VALUES(2044,1);
INSERT INTO "location_index_rowid" VALUES(2045,1);
CREATE TABLE "location_index_parent"(nodeno INTEGER PRIMARY KEY, parentnode INTEGER);
CREATE TABLE sound (id INTEGER PRIMARY KEY,data TEXT);
INSERT INTO "sound" VALUES(1982,'http://api.dev.locosonic.com/system/uploads/location_sound/file/1982/Foc.wav');
INSERT INTO "sound" VALUES(1983,'http://api.dev.locosonic.com/system/uploads/location_sound/file/1983/Pala.wav');
INSERT INTO "sound" VALUES(1984,'http://api.dev.locosonic.com/system/uploads/location_sound/file/1984/Afussellament.wav');
INSERT INTO "sound" VALUES(1985,'http://api.dev.locosonic.com/system/uploads/location_sound/file/1985/Pala.wav');
INSERT INTO "sound" VALUES(1986,'http://api.dev.locosonic.com/system/uploads/location_sound/file/1986/Campana_prima.wav');
INSERT INTO "sound" VALUES(1987,'http://api.dev.locosonic.com/system/uploads/location_sound/file/1987/Persiana.wav');
INSERT INTO "sound" VALUES(1988,'http://api.dev.locosonic.com/system/uploads/location_sound/file/1988/Campana_gruixuda.wav');
INSERT INTO "sound" VALUES(1989,'http://api.dev.locosonic.com/system/uploads/location_sound/file/1989/Nens_jugant.wav');
INSERT INTO "sound" VALUES(1990,'http://api.dev.locosonic.com/system/uploads/location_sound/file/1990/Persiana.wav');
INSERT INTO "sound" VALUES(1991,'http://api.dev.locosonic.com/system/uploads/location_sound/file/1991/Carruatge.wav');
INSERT INTO "sound" VALUES(1992,'http://api.dev.locosonic.com/system/uploads/location_sound/file/1992/Cavall.wav');
INSERT INTO "sound" VALUES(1993,'http://api.dev.locosonic.com/system/uploads/location_sound/file/1993/Mar.wav');
INSERT INTO "sound" VALUES(1994,'http://api.dev.locosonic.com/system/uploads/location_sound/file/1994/Tiorba_baix_orgue_50c.wav');
INSERT INTO "sound" VALUES(1995,'http://api.dev.locosonic.com/system/uploads/location_sound/file/1995/Veus_aurora_10_c..wav');
INSERT INTO "sound" VALUES(1996,'http://api.dev.locosonic.com/system/uploads/location_sound/file/1996/Cor_fossar_10_c.wav');
INSERT INTO "sound" VALUES(1997,'http://api.dev.locosonic.com/system/uploads/location_sound/file/1997/Piano___sinte_40_c.wav');
INSERT INTO "sound" VALUES(1998,'http://api.dev.locosonic.com/system/uploads/location_sound/file/1998/Tiorba_baix_orgue_50c.wav');
INSERT INTO "sound" VALUES(1999,'http://api.dev.locosonic.com/system/uploads/location_sound/file/1999/Cor_fa_ana_amb_instruments_10c.wav');
INSERT INTO "sound" VALUES(2000,'http://api.dev.locosonic.com/system/uploads/location_sound/file/2000/Composicio_emite_amb_instru.wav');
INSERT INTO "sound" VALUES(2001,'http://api.dev.locosonic.com/system/uploads/location_sound/file/2001/Tiorba_baix_orgue_50c.wav');
INSERT INTO "sound" VALUES(2002,'http://api.dev.locosonic.com/system/uploads/location_sound/file/2002/Arpes_i_sintes_16_c.wav');
INSERT INTO "sound" VALUES(2003,'http://api.dev.locosonic.com/system/uploads/location_sound/file/2003/Canon_deduc_me_16c.wav');
INSERT INTO "sound" VALUES(2004,'http://api.dev.locosonic.com/system/uploads/location_sound/file/2004/Campana_gruixuda.wav');
INSERT INTO "sound" VALUES(2005,'http://api.dev.locosonic.com/system/uploads/location_sound/file/2005/Redimeme_cor_veus_10_c.wav');
CREATE TABLE sound_file_info (sound_id INTEGER,channels INTEGER,sample_rate REAL,frames INTEGER);
CREATE TABLE location_sound (id INTEGER PRIMARY KEY,location_id INTEGER,sound_id INTEGER,volume REAL,onset_quantization REAL,onset_quantization_phase REAL,offset_quantization REAL,offset_quantization_phase REAL,duration REAL,repetitions REAL);
INSERT INTO "location_sound" VALUES(2314,2024,1982,1.0,0.0,0.0,0.0,0.0,0.0,0.0);
INSERT INTO "location_sound" VALUES(2315,2025,1983,0.627697,0.0,0.0,0.0,0.0,0.0,0.0);
INSERT INTO "location_sound" VALUES(2316,2026,1984,1.2735,0.0,0.0,-10.0,0.0,0.0,1.0);
INSERT INTO "location_sound" VALUES(2317,2027,1985,0.62842,0.0,0.0,0.0,0.0,0.0,0.0);
INSERT INTO "location_sound" VALUES(2318,2028,1986,1.0,0.0,0.0,-10.0,0.0,0.0,1.0);
INSERT INTO "location_sound" VALUES(2319,2029,1987,1.0,0.0,0.0,-5.0,0.0,0.0,0.0);
INSERT INTO "location_sound" VALUES(2320,2030,1988,0.726106,0.0,0.0,0.0,0.0,0.0,1.0);
INSERT INTO "location_sound" VALUES(2321,2031,1989,1.0,0.0,0.0,0.0,0.0,0.0,0.0);
INSERT INTO "location_sound" VALUES(2322,2032,1990,1.0,0.0,0.0,0.0,0.0,0.0,0.0);
INSERT INTO "location_sound" VALUES(2323,2033,1991,1.0,0.0,0.0,0.0,0.0,0.0,0.0);
INSERT INTO "location_sound" VALUES(2324,2034,1992,1.36066,0.0,0.0,0.0,0.0,0.0,0.0);
INSERT INTO "location_sound" VALUES(2325,2035,1993,1.0,0.0,0.0,0.0,0.0,0.0,0.0);
INSERT INTO "location_sound" VALUES(2326,2036,1994,1.0,-5.0,0.0,-5.0,0.0,-50.0,0.0);
INSERT INTO "location_sound" VALUES(2327,2037,1995,0.630957,-5.0,0.0,-5.0,0.0,-10.0,0.0);
INSERT INTO "location_sound" VALUES(2328,2038,1996,1.0,-5.0,0.0,-5.0,0.0,-10.0,0.0);
INSERT INTO "location_sound" VALUES(2329,2039,1997,0.743875,-5.0,0.0,-5.0,0.0,-40.0,0.0);
INSERT INTO "location_sound" VALUES(2330,2039,1998,0.743875,-5.0,0.0,-5.0,0.0,-50.0,0.0);
INSERT INTO "location_sound" VALUES(2331,2040,1999,1.18645,-5.0,0.0,-5.0,0.0,-10.0,0.0);
INSERT INTO "location_sound" VALUES(2332,2041,2000,1.0,-5.0,0.0,-5.0,0.0,-35.0,0.0);
INSERT INTO "location_sound" VALUES(2333,2041,2001,1.0,-5.0,0.0,-5.0,0.0,-50.0,0.0);
INSERT INTO "location_sound" VALUES(2334,2042,2002,1.0,-4.0,0.0,-8.0,0.0,-16.0,0.0);
INSERT INTO "location_sound" VALUES(2335,2043,2003,0.535797,-4.0,0.0,-4.0,0.0,-16.0,0.0);
INSERT INTO "location_sound" VALUES(2336,2044,2004,0.924698,0.0,0.0,-10.0,0.0,0.0,0.0);
INSERT INTO "location_sound" VALUES(2337,2045,2005,0.539821,-5.0,0.0,-5.0,0.0,-10.0,0.0);
PRAGMA writable_schema=OFF;
COMMIT;
