PRAGMA foreign_keys=OFF;
BEGIN TRANSACTION;
CREATE TABLE soundscape (id INTEGER PRIMARY KEY,name TEXT,tempo REAL,meter_nominator INTEGER,meter_denominator INTEGER);
INSERT INTO "soundscape" VALUES(185,'Bayonne',1.0,4,4);
CREATE TABLE location (id INTEGER PRIMARY KEY,soundscape_id INTEGER,latitude REAL,longitude REAL,radius REAL,volume REAL,distance_scale_parameter REAL);
INSERT INTO "location" VALUES(2076,185,4.06637775569828221469e+01,-7.41018390655517578125e+01,146.0,1.0,0.1);
INSERT INTO "location" VALUES(2077,185,4.0663907769982436946e+01,-7.4116001129150390625e+01,47.0,1.0,0.1);
INSERT INTO "location" VALUES(2081,185,4.06666584601898577471e+01,-7.41039204597473144531e+01,100.0,1.0,0.1);
INSERT INTO "location" VALUES(2082,185,4.06652098859965107626e+01,-7.41171598434448242187e+01,71.0,1.0,0.1);
INSERT INTO "location" VALUES(2084,185,4.06636636203996530963e+01,-7.41183829307556152343e+01,92.0,1.0,0.1);
INSERT INTO "location" VALUES(2086,185,4.0661205798151314637e+01,-7.41078042984008789062e+01,100.0,1.0,0.1);
INSERT INTO "location" VALUES(2092,185,4.06669839781508812848e+01,-7.4115657806396484375e+01,100.0,1.0,0.1);
INSERT INTO "location" VALUES(2095,185,4.06649006357449920284e+01,-7.41110658645629882812e+01,100.0,1.0,0.1);
PRAGMA writable_schema=ON;
INSERT INTO sqlite_master(type,name,tbl_name,rootpage,sql)VALUES('table','location_index','location_index',0,'CREATE VIRTUAL TABLE location_index USING rtree (id, min_latitude, max_latitude, min_longitude, max_longitude)');
CREATE TABLE "location_index_node"(nodeno INTEGER PRIMARY KEY, data BLOB);
INSERT INTO "location_index_node" VALUES(1,X'00000008000000000000081C4222A65D4222A90EC2943508C2943341000000000000081D4222A7674222A848C2943BAEC2943B1B00000000000008214222A9BB4222AB96C29435D2C294349900000000000008224222A8854222A9D5C2943C6BC2943B8E00000000000008244222A6BD4222A872C2943D2CC2943C0D00000000000008264222A4274222A5FFC29437CEC2943696000000000000082C4222AA124222ABEAC2943BD3C2943A9C000000000000082F4222A7EF4222A9C9C294397AC29438420000000000000000000000000000000000000000000000000000000000000000000000000000000000000000000000000000000000000000000000000000000000000000000000000000000000000000000000000000000000000000000000000000000000000000000000000000000000000000000000000000000000000000000000000000000000000000000000000000000000000000000000000000000000000000000000000000000000000000000000000000000000000000000000000000000000000000000000000000000000000000000000000000000000000000000000000000000000000000000000000000000000000000000000000000000000000000000000000000000000000000000000000000000000000000000000000000000000000000000000000000000000000000000000000000000000000000000000000000000000000000000000000000000000000000000000000000000000000000000000000000000000000000000000000000000000000000000000000000000000000000000000000000000000000000000000000000000000000000000000000000000000000000000000000000000000000000000000000000000000000000000000000000000000000000000000000000000000000000000000000000000000000000000000000000000000000000000000000000000000000000000000000000000000000000000000000000000000000000000000000000000000000000000000000000000000000000000000000000000000000000000000000000000000000000000000000000000000000000000000000000000000000000000000000000000000000000000000000000000000000000000000000000000000000000000000000000000000000000000000000000000000000000000000000000000000000000000000000000000000000000000000000000000000000000000000000000000000000000000000000000000000000000000000000000000000000000000000000000000000000000000000000000000000000000');
CREATE TABLE "location_index_rowid"(rowid INTEGER PRIMARY KEY, nodeno INTEGER);
INSERT INTO "location_index_rowid" VALUES(2076,1);
INSERT INTO "location_index_rowid" VALUES(2077,1);
INSERT INTO "location_index_rowid" VALUES(2081,1);
INSERT INTO "location_index_rowid" VALUES(2082,1);
INSERT INTO "location_index_rowid" VALUES(2084,1);
INSERT INTO "location_index_rowid" VALUES(2086,1);
INSERT INTO "location_index_rowid" VALUES(2092,1);
INSERT INTO "location_index_rowid" VALUES(2095,1);
CREATE TABLE "location_index_parent"(nodeno INTEGER PRIMARY KEY, parentnode INTEGER);
CREATE TABLE sound (id INTEGER PRIMARY KEY,data TEXT);
INSERT INTO "sound" VALUES(2041,'http://api.dev.locosonic.com/system/uploads/location_sound/file/2041/Oresko_Final_Sample_Bayonne.mp3');
INSERT INTO "sound" VALUES(2042,'http://api.dev.locosonic.com/system/uploads/location_sound/file/2042/_Otaiko_Sushi_edited.mp3');
INSERT INTO "sound" VALUES(2043,'http://api.dev.locosonic.com/system/uploads/location_sound/file/2043/pompii_pizza_edited.mp3');
INSERT INTO "sound" VALUES(2044,'http://api.dev.locosonic.com/system/uploads/location_sound/file/2044/blimpie_edited.mp3');
INSERT INTO "sound" VALUES(2046,'http://api.dev.locosonic.com/system/uploads/location_sound/file/2046/cups_edited.mp3');
INSERT INTO "sound" VALUES(2049,'http://api.dev.locosonic.com/system/uploads/location_sound/file/2049/houlihans_edited_final.mp3');
INSERT INTO "sound" VALUES(2050,'http://api.dev.locosonic.com/system/uploads/location_sound/file/2050/mona_lisa_edited.mp3');
CREATE TABLE sound_file_info (sound_id INTEGER,channels INTEGER,sample_rate REAL,frames INTEGER);
CREATE TABLE location_sound (id INTEGER PRIMARY KEY,location_id INTEGER,sound_id INTEGER,volume REAL,onset_quantization REAL,onset_quantization_phase REAL,offset_quantization REAL,offset_quantization_phase REAL,duration REAL,repetitions REAL);
INSERT INTO "location_sound" VALUES(2376,2077,2041,1.0,0.0,0.0,0.0,0.0,0.0,0.0);
INSERT INTO "location_sound" VALUES(2377,2076,2042,1.0,0.0,0.0,0.0,0.0,0.0,0.0);
INSERT INTO "location_sound" VALUES(2382,2081,2049,1.0,0.0,0.0,0.0,0.0,0.0,0.0);
INSERT INTO "location_sound" VALUES(2383,2082,2044,1.0,0.0,0.0,0.0,0.0,0.0,0.0);
INSERT INTO "location_sound" VALUES(2385,2086,2046,1.0,0.0,0.0,0.0,0.0,0.0,0.0);
INSERT INTO "location_sound" VALUES(2387,2084,2050,1.0,0.0,0.0,0.0,0.0,0.0,0.0);
INSERT INTO "location_sound" VALUES(2392,2092,2043,1.0,0.0,0.0,0.0,0.0,0.0,0.0);
PRAGMA writable_schema=OFF;
COMMIT;
